{
  "version": 1,
  "author": "Anonymous maker",
  "editor": "wokwi",
  "parts": [
    { "type": "board-esp32-devkit-c-v4", "id": "esp", "top": 0, "left": 0, "attrs": {} },
    {
      "type": "wokwi-resistor",
      "id": "r1",
      "top": 32.75,
      "left": 144,
      "attrs": { "value": "1000" }
    },
    { "type": "wokwi-led", "id": "led1", "top": 92.4, "left": 253.4, "attrs": { "color": "red" } },
    {
      "type": "wokwi-resistor",
      "id": "r2",
      "top": 71.15,
      "left": 182.4,
      "attrs": { "value": "1000" }
    },
    {
      "type": "wokwi-resistor",
      "id": "r3",
      "top": 51.95,
      "left": 172.8,
      "attrs": { "value": "1000" }
    },
    {
      "type": "wokwi-led",
      "id": "led2",
      "top": 159.6,
      "left": 253.4,
      "attrs": { "color": "yellow" }
    },
    {
      "type": "wokwi-led",
      "id": "led3",
      "top": 226.8,
      "left": 253.4,
      "attrs": { "color": "green" }
    }
  ],
  "connections": [
    [ "esp:TX", "$serialMonitor:RX", "", [] ],
    [ "esp:RX", "$serialMonitor:TX", "", [] ],
    [ "r1:1", "esp:23", "green", [ "v0" ] ],
    [ "r3:1", "esp:TX", "green", [ "v0", "h-67.2" ] ],
    [ "r2:1", "esp:21", "green", [ "v0", "h-86.4" ] ],
    [ "r1:2", "led1:A", "green", [ "v0", "h142.8", "v0", "h-9.6", "v96", "h-57.6" ] ],
    [ "r3:2", "led2:A", "green", [ "v0", "h85.2", "v0", "h0", "v134.4", "h0", "v9.6" ] ],
    [ "r2:2", "led3:A", "green", [ "v0", "h56.4", "v0", "h0", "v192", "h57.6" ] ],
    [ "led1:C", "esp:GND.3", "green", [ "v0", "h-124.4", "v-38.4" ] ],
    [ "led2:C", "esp:GND.3", "green", [ "v0", "h-114.8", "v-115.2" ] ],
    [ "led3:C", "esp:GND.3", "green", [ "v0", "h-95.6", "v-182.4", "h-9.6" ] ]
  ],
  "dependencies": {}
}